# How to write each letter, for the tracing game. One letter per line: LETTER <tab> STROKES.
# Strokes are in writing order, separated by ";". Points are "x,y" inside the letter's box:
# 0,0 is top-left and 1,1 is bottom-right. A stroke starting with "~" is drawn as a curve.
# Letters missing from this file are traced over the letter's shape instead (no stroke order).
A	0.5,0 0.12,1 ; 0.5,0 0.88,1 ; 0.27,0.62 0.73,0.62
B	0.2,0 0.2,1 ; ~0.2,0 0.58,0 0.77,0.1 0.8,0.25 0.76,0.41 0.58,0.5 0.2,0.5 ; ~0.2,0.5 0.62,0.5 0.82,0.6 0.86,0.75 0.82,0.91 0.62,1 0.2,1
C	~0.84,0.18 0.7,0.04 0.5,0 0.3,0.05 0.16,0.2 0.12,0.5 0.16,0.8 0.3,0.95 0.5,1 0.7,0.96 0.84,0.82
D	0.2,0 0.2,1 ; ~0.2,0 0.48,0 0.72,0.1 0.84,0.3 0.87,0.5 0.84,0.7 0.72,0.9 0.48,1 0.2,1
E	0.22,0 0.22,1 ; 0.22,0 0.8,0 ; 0.22,0.5 0.72,0.5 ; 0.22,1 0.8,1
F	0.22,0 0.22,1 ; 0.22,0 0.8,0 ; 0.22,0.5 0.72,0.5
G	~0.84,0.18 0.7,0.04 0.5,0 0.3,0.05 0.16,0.2 0.12,0.5 0.16,0.8 0.3,0.95 0.5,1 0.7,0.96 0.85,0.84 ; 0.85,0.84 0.85,0.56 0.56,0.56
H	0.2,0 0.2,1 ; 0.8,0 0.8,1 ; 0.2,0.5 0.8,0.5
I	0.5,0 0.5,1 ; 0.3,0 0.7,0 ; 0.3,1 0.7,1
J	0.3,0 0.8,0 ; ~0.65,0 0.65,0.76 0.6,0.92 0.46,1 0.31,0.97 0.2,0.84
K	0.22,0 0.22,1 ; 0.8,0 0.22,0.58 ; 0.4,0.41 0.82,1
L	0.25,0 0.25,1 0.8,1
M	0.12,1 0.12,0 0.5,0.62 0.88,0 0.88,1
N	0.18,1 0.18,0 0.82,1 0.82,0
O	~0.5,0 0.27,0.06 0.13,0.26 0.1,0.5 0.13,0.74 0.27,0.94 0.5,1 0.73,0.94 0.87,0.74 0.9,0.5 0.87,0.26 0.73,0.06 0.5,0
P	0.22,0 0.22,1 ; ~0.22,0 0.6,0 0.79,0.09 0.84,0.26 0.79,0.43 0.6,0.52 0.22,0.52
Q	~0.5,0 0.27,0.06 0.13,0.26 0.1,0.5 0.13,0.74 0.27,0.94 0.5,1 0.73,0.94 0.87,0.74 0.9,0.5 0.87,0.26 0.73,0.06 0.5,0 ; 0.58,0.7 0.9,1
R	0.22,0 0.22,1 ; ~0.22,0 0.6,0 0.79,0.09 0.84,0.26 0.79,0.43 0.6,0.52 0.22,0.52 ; 0.5,0.52 0.84,1
S	~0.82,0.15 0.67,0.03 0.48,0 0.29,0.04 0.18,0.17 0.21,0.34 0.38,0.45 0.63,0.55 0.8,0.67 0.83,0.84 0.71,0.96 0.5,1 0.3,0.97 0.15,0.85
T	0.12,0 0.88,0 ; 0.5,0 0.5,1
U	~0.18,0 0.18,0.68 0.25,0.89 0.5,1 0.75,0.89 0.82,0.68 0.82,0
V	0.12,0 0.5,1 0.88,0
W	0.05,0 0.27,1 0.5,0.3 0.73,1 0.95,0
X	0.15,0 0.85,1 ; 0.85,0 0.15,1
Y	0.12,0 0.5,0.5 ; 0.88,0 0.5,0.5 ; 0.5,0.5 0.5,1
Z	0.15,0 0.85,0 0.15,1 0.85,1
