# How to write each small letter. Same format as english.tsv (LETTER <tab> STROKES, strokes
# separated by ";", points "x,y" in the letter's box, "~" = curve).
# Guide lines in the box: tall letters start at y=0.02, small letters sit between y=0.36
# (top) and y=0.76 (base line); tails go down to y=1.0. Dots are a tiny last stroke.
a	~0.66,0.44 0.6,0.37 0.47,0.35 0.35,0.4 0.29,0.52 0.3,0.64 0.38,0.73 0.5,0.76 0.61,0.72 0.66,0.62 ; 0.66,0.36 0.66,0.76
b	0.32,0.02 0.32,0.76 ; ~0.32,0.5 0.4,0.39 0.53,0.36 0.65,0.42 0.71,0.55 0.66,0.69 0.54,0.76 0.41,0.74 0.32,0.66
c	~0.68,0.42 0.6,0.37 0.47,0.35 0.35,0.4 0.29,0.52 0.3,0.64 0.38,0.73 0.5,0.76 0.62,0.73 0.68,0.68
d	~0.66,0.44 0.6,0.37 0.47,0.35 0.35,0.4 0.29,0.52 0.3,0.64 0.38,0.73 0.5,0.76 0.61,0.72 0.66,0.62 ; 0.66,0.02 0.66,0.76
e	~0.3,0.56 0.68,0.56 0.66,0.45 0.57,0.37 0.45,0.36 0.34,0.42 0.29,0.55 0.32,0.67 0.42,0.75 0.55,0.76 0.66,0.7
f	~0.64,0.08 0.56,0.02 0.47,0.05 0.43,0.16 0.43,0.3 0.43,0.76 ; 0.3,0.38 0.62,0.38
g	~0.66,0.44 0.6,0.37 0.47,0.35 0.35,0.4 0.29,0.52 0.3,0.64 0.38,0.73 0.5,0.76 0.61,0.72 0.66,0.62 ; ~0.66,0.36 0.66,0.86 0.6,0.96 0.47,0.99 0.35,0.95
h	0.32,0.02 0.32,0.76 ; ~0.32,0.5 0.4,0.39 0.52,0.36 0.63,0.41 0.67,0.52 0.67,0.76
i	0.5,0.36 0.5,0.76 ; 0.5,0.17 0.5,0.19
j	~0.55,0.36 0.55,0.88 0.5,0.97 0.4,0.99 0.3,0.94 ; 0.55,0.17 0.55,0.19
k	0.34,0.02 0.34,0.76 ; 0.66,0.36 0.34,0.6 ; 0.45,0.52 0.68,0.76
l	0.5,0.02 0.5,0.76
m	0.22,0.36 0.22,0.76 ; ~0.22,0.46 0.29,0.38 0.37,0.36 0.44,0.41 0.46,0.5 0.46,0.76 ; ~0.46,0.46 0.53,0.38 0.61,0.36 0.68,0.41 0.7,0.5 0.7,0.76
n	0.32,0.36 0.32,0.76 ; ~0.32,0.5 0.4,0.39 0.52,0.36 0.63,0.41 0.67,0.52 0.67,0.76
o	~0.5,0.36 0.36,0.4 0.29,0.52 0.3,0.65 0.39,0.74 0.5,0.76 0.61,0.74 0.7,0.65 0.71,0.52 0.64,0.4 0.5,0.36
p	0.32,0.36 0.32,1.0 ; ~0.32,0.5 0.4,0.39 0.53,0.36 0.65,0.42 0.71,0.55 0.66,0.69 0.54,0.76 0.41,0.74 0.32,0.66
q	~0.66,0.44 0.6,0.37 0.47,0.35 0.35,0.4 0.29,0.52 0.3,0.64 0.38,0.73 0.5,0.76 0.61,0.72 0.66,0.62 ; 0.66,0.36 0.66,1.0
r	0.36,0.36 0.36,0.76 ; ~0.36,0.5 0.43,0.4 0.53,0.36 0.64,0.38
s	~0.66,0.41 0.58,0.36 0.46,0.36 0.36,0.41 0.35,0.49 0.44,0.55 0.58,0.58 0.66,0.64 0.65,0.72 0.55,0.76 0.42,0.76 0.33,0.71
t	~0.46,0.1 0.46,0.6 0.48,0.71 0.54,0.76 0.62,0.75 ; 0.3,0.36 0.64,0.36
u	~0.32,0.36 0.32,0.62 0.37,0.72 0.48,0.76 0.6,0.73 0.67,0.62 ; 0.67,0.36 0.67,0.76
v	0.3,0.36 0.5,0.76 0.7,0.36
w	0.18,0.36 0.32,0.76 0.5,0.46 0.68,0.76 0.82,0.36
x	0.3,0.36 0.7,0.76 ; 0.7,0.36 0.3,0.76
y	0.3,0.36 0.5,0.72 ; 0.7,0.36 0.44,0.88 0.38,0.97 0.3,0.99
z	0.3,0.36 0.7,0.36 0.3,0.76 0.7,0.76
