# Small (lowercase) English letters, in teaching order. LETTER <tab> WORD <tab> PICTURE <tab> SOUND (phonics, as in english.tsv).
# Made from english.tsv with lowercase letters and words. Lines starting with # are ignored.
a	apple	🍎	ah
b	ball	⚽	buh
c	cat	🐱	kuh
d	dog	🐶	duh
e	elephant	🐘	eh
f	fish	🐟	fuh
g	grapes	🍇	guh
h	house	🏠	huh
i	ice cream	🍦	ih
j	juice	🧃	juh
k	kite	🪁	kuh
l	lion	🦁	luh
m	monkey	🐒	muh
n	nose	👃	nuh
o	orange	🍊	aw
p	penguin	🐧	puh
q	queen	👸	kwuh
r	rabbit	🐰	ruh
s	sun	☀️	suh
t	tree	🌳	tuh
u	umbrella	☂️	uh
v	violin	🎻	vuh
w	watch	⌚	wuh
x	xmas tree	🎄	ex
y	yo-yo	🪀	yuh
z	zebra	🦓	zuh
