# मराठी अक्षरे: स्वर then व्यंजन, in teaching order. One letter per line: LETTER <tab> WORD <tab> PICTURE (emoji).
# The word must start with the letter (the picture game asks which letter it starts with); leave it
# empty when no everyday word does (ङ, ञ, ण, ळ). Lines starting with # are ignored. Save as UTF-8.
अ	अननस	🍍
आ	आंबा	🥭
इ	इमारत	🏢
ई	ईडलिंबू	🍋
उ	उंदीर	🐭
ऊ	ऊन	☀️
ऋ	ऋषी	🧘
ए	एडका	🐏
ऐ	ऐना	🪞
ओ	ओठ	👄
औ	औषध	💊
अं	अंगठी	💍
अः
क	कमळ	🪷
ख	खार	🐿️
ग	गाजर	🥕
घ	घर	🏠
ङ
च	चमचा	🥄
छ	छत्री	☂️
ज	जहाज	🚢
झ	झाड	🌳
ञ
ट	टरबूज	🍉
ठ	ठोकळा	🧱
ड	डबा	📦
ढ	ढग	☁️
ण
त	तलवार	🗡️
थ	थाळी	🍽️
द	दप्तर	🎒
ध	धनुष्य	🏹
न	नळ	🚰
प	पतंग	🪁
फ	फूल	🌸
ब	बदक	🦆
भ	भाकरी	🫓
म	मगर	🐊
य	यान	🚀
र	रंग	🎨
ल	लसूण	🧄
व	वाघ	🐯
श	शंख	🐚
ष
स	ससा	🐰
ह	हत्ती	🐘
ळ
क्ष
ज्ञ
