# vyanjan letters, in teaching order. One letter per line: LETTER <tab> WORD <tab> PICTURE (emoji).
# WORD and PICTURE may be left empty. Lines starting with # are ignored. Save as UTF-8.
क	कबूतर	🕊️
ख	खरगोश	🐰
ग	गाय	🐄
घ	घड़ी	⌚
ङ		
च	चम्मच	🥄
छ	छतरी	☂️
ज	जहाज	🚢
झ	झंडा	🚩
ञ		
ट	टमाटर	🍅
ठ	ठेला	🛒
ड	डमरू	🥁
ढ	ढोल	🪘
ण		
त	तरबूज	🍉
थ	थाली	🍽️
द	दरवाज़ा	🚪
ध	धनुष	🏹
न	नल	🚰
प	पतंग	🪁
फ	फूल	🌸
ब	बतख	🦆
भ	भालू	🐻
म	मछली	🐟
य	यज्ञ	🔥
र	रेलगाड़ी	🚂
ल	लहसुन	🧄
व	वकील	👨‍⚖️
श	शेर	🦁
ष	षट्कोण	
स	सेब	🍎
ह	हाथी	🐘
क्ष	क्षत्रिय	
त्र	त्रिशूल	🔱
ज्ञ	ज्ञानी	
